"projectKey","lrm_auc","lrm_acc","lrm_f","lrm_precision","lrm_recall","rf_auc","rf_acc","rf_f","rf_precision","rf_recall","svm_auc","svm_acc","svm_f","svm_precision","svm_recall","random_auc","random_acc","random_f","random_precision","random_recall","oner_auc","oner_acc","oner_f","oner_precision","oner_recall"
"DM",0.747403931235258,0.62799212140407,0.268442907619345,0.203262538460391,0.438722399650575,0.630964495698244,0.459202369133697,0.178439202831991,0.272703650877685,0.147817455205206,0.699858319804478,0.587907435602824,0.230132611795012,0.180420862964672,0.340243711988447,0.501260028121223,0.501260028121223,0.153048069589882,0.0994639439588489,0.501927412210653,0.568793544403262,0.420186273904812,0.212032351513075,0.304913878420413,0.274246815977433
