"projectKey","lrm_auc","lrm_acc","lrm_f","lrm_precision","lrm_recall","rf_auc","rf_acc","rf_f","rf_precision","rf_recall","svm_auc","svm_acc","svm_f","svm_precision","svm_recall","random_auc","random_acc","random_f","random_precision","random_recall","oner_auc","oner_acc","oner_f","oner_precision","oner_recall"
"MESOS",0.729840936613219,0.630439194649532,0.261608848441095,0.191602711169469,0.454235017444029,0.637291584095098,0.488982193286345,0.175066619538692,0.263755249633939,0.14336473437948,0.678565067831554,0.592065127957673,0.230389093754653,0.179023291152691,0.342296355304375,0.500085947098625,0.500085947098625,0.148402421866629,0.0933213436791676,0.499895296611638,0.559352139684088,0.452653376452461,0.193206418756316,0.24878438312723,0.256126012068945
