"projectKey","lrm_auc","lrm_acc","lrm_f","lrm_precision","lrm_recall","rf_auc","rf_acc","rf_f","rf_precision","rf_recall","svm_auc","svm_acc","svm_f","svm_precision","svm_recall","random_auc","random_acc","random_f","random_precision","random_recall","oner_auc","oner_acc","oner_f","oner_precision","oner_recall"
"MULE",0.721083781408862,0.6284557769085,0.263543466315788,0.188719720427156,0.47543295791683,0.641008902388438,0.506963617379313,0.184758687363805,0.263342715215602,0.15402997206037,0.669255508147338,0.59600350659754,0.239212025902145,0.182390877255739,0.365329459366345,0.499976478874169,0.499976478874169,0.155256859378716,0.0967274026654562,0.499162271636577,0.557752941192661,0.477216492948965,0.185129287286137,0.239696799906746,0.246100800807355
