"projectKey","lrm_auc","lrm_acc","lrm_f","lrm_precision","lrm_recall","rf_auc","rf_acc","rf_f","rf_precision","rf_recall","svm_auc","svm_acc","svm_f","svm_precision","svm_recall","random_auc","random_acc","random_f","random_precision","random_recall","oner_auc","oner_acc","oner_f","oner_precision","oner_recall"
"TIMOB",0.729871784113974,0.63667824756035,0.256462671296872,0.18163896124947,0.477088932999025,0.648864533356658,0.522880620340947,0.197680865852505,0.294212481242601,0.160875374119372,0.679283129101509,0.604240580039792,0.237132622439672,0.18011873780663,0.366907053781335,0.500724934642485,0.500724934642485,0.14260452752155,0.0875225095856458,0.500428527793902,0.568872164932483,0.504211831749083,0.205899454644498,0.263031634160366,0.246136754334354
