"projectKey","lrm_auc","lrm_acc","lrm_f","lrm_precision","lrm_recall","rf_auc","rf_acc","rf_f","rf_precision","rf_recall","svm_auc","svm_acc","svm_f","svm_precision","svm_recall","random_auc","random_acc","random_f","random_precision","random_recall","oner_auc","oner_acc","oner_f","oner_precision","oner_recall"
"TISTUD",0.803884698400385,0.622147453138627,0.159400168040719,0.125449212975358,0.301424963924964,0.601282431594025,0.342191484267119,0.0695569985569986,0.185818181818182,0.0492301587301587,0.737478042814921,0.549147790820869,0.0879984915254942,0.0681216650101685,0.16797619047619,0.50211364253442,0.50211364253442,0.0486547901682731,0.0257032446039152,0.502102092352092,0.529356579725534,0.24819048377054,0.104997278678286,0.361279592180384,0.0749722222222222
