"projectKey","lrm_auc","lrm_acc","lrm_f","lrm_precision","lrm_recall","rf_auc","rf_acc","rf_f","rf_precision","rf_recall","svm_auc","svm_acc","svm_f","svm_precision","svm_recall","random_auc","random_acc","random_f","random_precision","random_recall","oner_auc","oner_acc","oner_f","oner_precision","oner_recall"
"XD",0.731331962596904,0.640993529660686,0.266737056753823,0.188376621667275,0.492216733054951,0.658000768938306,0.536437165967978,0.215505028368184,0.308875340004692,0.177607698657963,0.684014690525422,0.609948047285303,0.248277064426154,0.187472007268547,0.385695506914526,0.500448245811416,0.500448245811416,0.148452223512764,0.0909737246180876,0.500382987303595,0.566051732455156,0.513026747974261,0.199590990635952,0.289166507071884,0.230572180863211
